Population Density,result
253.7,0.657429021
253.69,0.810809027
253.68,0.810809669
253.67,0.810809669
253.66,0.810809669
253.65,0.810809669
253.64,0.810809669
253.63,0.810809669
253.62,0.810809669
253.61,0.810809669
253.6,0.810809669
253.59,0.810809669
253.58,0.810809669
253.57,0.810809669
253.56,0.810809669
253.55,0.810809669
253.54,0.810809669
253.53,0.810809669
253.52,0.810809669
253.51,0.810809669
253.5,0.810809669
253.49,0.810809669
253.48,0.810809669
253.47,0.810809669
253.46,0.810809669
253.45,0.810809669
253.44,0.810809669
253.43,0.810809669
253.42,0.810809669
253.41,0.810809669
253.4,0.810809669
253.39,0.810809669
253.38,0.810809669
253.37,0.810809669
253.36,0.810809669
253.35,0.810809669
253.34,0.810809669
253.33,0.810809669
253.32,0.810809669
253.31,0.810809669
253.3,0.810809669
253.29,0.810809669
253.28,0.810809669
253.27,0.810809669
253.26,0.810809669
253.25,0.810809669
253.24,0.810809669
253.23,0.810809669
253.22,0.810809669
253.21,0.810809669
253.2,0.810809669
253.19,0.810809669
253.18,0.810809669
253.17,0.810809669
253.16,0.810809669
253.15,0.810809669
253.14,0.810809669
253.13,0.810809669
253.12,0.810809669
253.11,0.810809669
253.1,0.810809669
253.09,0.810809669
253.08,0.810809669
253.07,0.810809669
253.06,0.810809669
253.05,0.810809669
253.04,0.810809669
253.03,0.810809669
253.02,0.810809669
253.01,0.810809669
253,0.810809669
252.99,0.810809669
252.98,0.810809669
252.97,0.810809669
252.96,0.810809669
252.95,0.810809669
252.94,0.810809669
252.93,0.810809669
252.92,0.810809669
252.91,0.810809669
252.9,0.810809669
252.89,0.810809669
252.88,0.810809669
252.87,0.810809669
252.86,0.810809669
252.85,0.810809669
252.84,0.810809669
252.83,0.810809669
252.82,0.810809669
252.81,0.810809669
252.8,0.810809669
252.79,0.810809669
252.78,0.810809669
252.77,0.810809669
252.76,0.810809669
252.75,0.810809669
252.74,0.810809669
252.73,0.810809669
252.72,0.810809669
252.71,0.810809669
252.7,0.810809669
252.69,0.810809669
252.68,0.810809669
252.67,0.810809669
252.66,0.810809669
252.65,0.810809669
252.64,0.810809669
252.63,0.810809669
252.62,0.810809669
252.61,0.810809669
252.6,0.810809669
252.59,0.810809669
252.58,0.810809669
252.57,0.810809669
252.56,0.810809669
252.55,0.810809669
252.54,0.810809669
252.53,0.810809669
252.52,0.810809669
252.51,0.810809669
252.5,0.810809669
252.49,0.810809669
252.48,0.810809669
252.47,0.810809669
252.46,0.810809669
252.45,0.810809669
252.44,0.810809669
252.43,0.810809669
252.42,0.810809669
252.41,0.810809669
252.4,0.810809669
252.39,0.810809669
252.38,0.810809669
252.37,0.810809669
252.36,0.810809669
252.35,0.810809669
252.34,0.810809669
252.33,0.810809669
252.32,0.810809669
252.31,0.810809669
252.3,0.810809669
252.29,0.810809669
252.28,0.810809669
252.27,0.810809669
252.26,0.810809669
252.25,0.810809669
252.24,0.810809669
252.23,0.810809669
252.22,0.810809669
252.21,0.810809669
252.2,0.810809669
252.19,0.810809669
252.18,0.810809669
252.17,0.810809669
252.16,0.810809669
252.15,0.810809669
252.14,0.810809669
252.13,0.810809669
252.12,0.810809669
252.11,0.810809669
252.1,0.810809669
252.09,0.810809669
252.08,0.810809669
252.07,0.810809669
252.06,0.810809669
252.05,0.810809669
252.04,0.810809669
252.03,0.810809669
252.02,0.810809669
252.01,0.810809669
252,0.810809669
